
{
  "project_info": {
    "project_id": "your-firebase-project-id",
    "project_number": "1234567890",
    "name": "Firebase Login Project"
  },
  "client": [
    {
      "client_info": {
        "mobilesdk_app_id": "1:1234567890:android:abc123",
        "android_client_info": {
          "package_name": "com.example.firebase_login"
        }
      },
      "api_key": [
        {
          "current_key": "your-api-key"
        }
      ],
      "services": {
        "appinvite_service": {
          "other_platform_oauth_client": []
        }
      }
    }
  ],
  "configuration_version": "1"
}
